facility_name,type,address,city,zip,administrator,phone,fax,license_num,lic_expire
1019 BELLE'S PLACE OF CRAWFORDSVILLE,Residential,100 BICKFORD LN,CRAWFORDSVILLE,47933,TAMI MUSSCHE,7653622000,N/A,25-003674-1,9/30/2026
1019 BELLE'S PLACE OF WABASH,Residential,3037 W DIVISION RD,WABASH,46992,JORDAN KEELING,2605692000,N/A,25-003466-1,9/30/2026
1019 SENIOR LIVING VERMILLION PLACE,Residential,449 MAIN ST,ANDERSON,46016,ZOE KESLER,7656227825,N/A,25-011970-1,10/31/2026
ADDISON PLACE,Residential,2244 Q AVE,NEW CASTLE,47362,JACKIE ADAMS,7655213220,N/A,25-004426-1,6/30/2026
ALLISONVILLE MEADOWS ASSISTED LIVING,Residential,10410 ALLISONVILLE ROAD,FISHERS,46038,KAITLIN BUENAVIDES,3174366400,N/A,26-013039-1,1/31/2027
"APERION ESTATES PERU, LLC",Residential,1200 KITTY HAWK DRIVE,PERU,46970,JEFFREY ATTINGER,7656897305,N/A,25-013327-1,8/31/2026
ARBOR GLEN INDEPENDENT & ASSISTED LIVING COMMUNITY,Residential,5202 ST JOE ROAD,FORT WAYNE,46835,MARY BOLLING,2604922202,N/A,25-015503-1,5/31/2026
ASSISTED LIVING AT HARTSFIELD VILLAGE,Residential,10002 COLUMBIA AVE,MUNSTER,46321,ALYSSA FUSCO,2199340580,N/A,25-010937-1,3/31/2026
ASSISTED LIVING AT ROMWEBER FLATS,Residential,123 SOUTH DEPOT STREET,BATESVILLE,47006,AMBER BUSALD,8129323528,N/A,26-013321-1,12/31/2026
ASTER PLACE,Residential,741 PARK EAST BLVD,LAFAYETTE,47905,CARI BRANSHAW,7654463540,N/A,25-013045-1,11/30/2026
"AUBURN SENIOR LIVING, LLC",Residential,1675 W SEVENTH STREET,AUBURN,46706,GRACE FAUROTE,2609088300,N/A,25-014775-1,10/31/2026
AUTUMN GLEN,Residential,98 NORTH 10TH STREET,GREENCASTLE,46135,MICHELLE MCCLURE,7656536999,N/A,25-013322-1,10/31/2026
AVALON SENIOR LIVING,Residential,6021 S ARLINGTON AVENUE,INDIANAPOLIS,46237,JERRILYNN MOREHOUS,3179999292,N/A,25-015486-1,3/31/2026
AVIVA MERRILLVILLE,Residential,7900 RHODE ISLAND STREET,MERRILLVILLE,46410,MERIAM HILLIS,2195254123,N/A,26-013733-1,1/31/2027
AVIVA VALPARAISO,Residential,1300 VALE PARK RD,VALPARAISO,46383,DEBORAH ATSAS,2195312484,N/A,25-012181-1,6/30/2026
BELL OAKS PLACE,Residential,4200 WYNTREE DR,NEWBURGH,47630,REBECCA LUCAS,8128580488,N/A,25-004903-1,6/30/2026
BELVEDERE SENIOR HOUSING,Residential,343 E 90TH DRIVE,MERRILLVILLE,46410,STEPHANIE WESTPHAL,2197692145,N/A,26-014178-1,2/28/2027
BENNETT PLACE,Residential,3928 HORNE AVE,NEW ALBANY,47150,JASON KIRBY,8129481960,N/A,25-004442-1,6/30/2026
BETHANY VILLAGE ASSISTED LIVING,Residential,3530 S SHELBY ST,INDIANAPOLIS,46227,GARY GRIFFIN,3177843066,N/A,26-001121-1,12/31/2026
BICKFORD OF CARMEL,Residential,5829  EAST 116TH STREET,CARMEL,46033,JENNIFER HODGE,3178071500,N/A,25-013217-1,5/31/2026
BICKFORD OF CROWN POINT,Residential,140 E 107TH AVENUE,CROWN POINT,46307,ELIZABETH CUNNINGHAM,2196630972,N/A,25-012940-1,4/30/2026
BICKFORD OF GREENWOOD,Residential,3021 STELLA DRIVE,GREENWOOD,46143,KATELYN HOLDING,3178073077,N/A,26-012938-1,2/28/2027
BLOOM AT EAGLE CREEK,Residential,5045 W 52ND ST,INDIANAPOLIS,46254,MICHAEL MCCOSKEY,3172932929,N/A,25-003915-1,7/31/2026
BLOOM AT GERMAN CHURCH,Residential,2250 HARVEST MOON DR,INDIANAPOLIS,46229,KIMBERLY LINGLE,3172498092,N/A,25-003916-1,7/31/2026
BLOOM AT KESSLER,Residential,5011 KESSLER BLVD E,INDIANAPOLIS,46220,HELGA BRADLEY,3172511300,N/A,25-010064-1,8/31/2026
BLOOM AT KOKOMO,Residential,2800 S DIXON RD,KOKOMO,46902,KATHERINE HOPWOOD,7654552828,N/A,25-011366-1,4/30/2026
BLOOM AT WILLOW,Residential,2725 LAKE CIRCLE DR,INDIANAPOLIS,46268,KOURTNEY HARVERY,3173349400,N/A,25-010234-1,9/30/2026
BRECKENRIDGE COMMONS,Residential,2009 NORTH HOSPITAL BLVD,SULLIVAN,47882,ERIN CRAIG,8122682000,N/A,25-013401-1,8/31/2026
BRENTWOOD AT ELKHART ASSISTED LIVING,Residential,3109 E BRISTOL,ELKHART,46514,COURTNEY KRYDER,5742664508,N/A,25-010065-1,4/30/2026
BRENTWOOD AT HOBART,Residential,1420 ST MARYS CIRCLE,HOBART,46342,NAKIA HILL,2199451968,N/A,25-002627-1,4/30/2026
BRENTWOOD AT LAPORTE,Residential,2002 ANDREW AVE,LA PORTE,46350,KYLIE HINTZ,2193251599,N/A,25-010890-1,4/30/2026
BRIDGE AT GARDEN PLAZA,Residential,8614 W 10TH  ST,INDIANAPOLIS,46234,DANIEL FINK,3172711020,N/A,25-005616-1,8/31/2026
BRIDGEPOINTE GARDENS,Residential,3100 UTICA SELLERSBURG ROAD,JEFFERSONVILLE,47130,JESSE RAY,8128181414,N/A,25-015122-1,11/30/2026
BROOKDALE CARMEL,Residential,301 EXECUTIVE DR,CARMEL,46032,EVELYN LAWS,3175800389,N/A,25-010416-1,10/31/2026
BROOKDALE GRANGER,Residential,430 CLEVELAND RD,GRANGER,46530,SUSAN TIPTON HUTTEL,5742439020,N/A,25-002656-1,5/31/2026
BROOKDALE VALPARAISO,Residential,2601 VALPARAISO ST,VALPARAISO,46383,JUDITH SIPICH,2195482230,N/A,25-010757-1,8/31/2026
BROWNSBURG MEADOWS ASSISTED LIVING,Residential,7133 MEADOW TRAIL,BROWNSBURG,46112,TYLER BRAMMER,3178521977,N/A,25-013356-1,10/31/2026
CEDAR CREEK OF BEDFORD,Residential,3008 SHAWNEE DR S,BEDFORD,47421,KIMBERLY WATSON,8122752468,N/A,26-004011-1,12/31/2026
CEDAR CREEK OF BLOOMINGTON,Residential,2770 S ADAMS RD,BLOOMINGTON,47403,TAMARA VAUGHN,8123318153,N/A,26-004016-1,12/31/2026
CEDAR CREEK OF BLOOMINGTON MEMORY CARE,Residential,3203 MOORES PIKE ROAD,BLOOMINGTON,47401,MAURICE WOOLFOLK,8123354655,N/A,26-012706-1,1/31/2027
CEDAR CREEK OF FORT WAYNE,Residential,2116 BUTLER RD,FORT WAYNE,46815,BELINDA BRANHAM,2604710944,N/A,26-004686-1,12/31/2026
CEDAR CREEK OF FRANKLIN,Residential,1435 CHRISTIAN BLVD,FRANKLIN,46131,JULIA BERRY,3175356550,N/A,26-004017-1,12/31/2026
CEDAR CREEK OF LOGANSPORT,Residential,3901 HIGH STREET RD,LOGANSPORT,46947,JASON WAFFORD,5747392134,N/A,26-004441-1,12/31/2026
CEDAR CREEK OF MARION,Residential,725 W 50TH ST,MARION,46953,DORINE WARD,7656770095,N/A,26-004028-1,12/31/2026
CEDAR CREEK OF MUNCIE,Residential,2410 E MCGALLIARD RD,MUNCIE,47303,DIERDE WILEY,7652847670,N/A,26-004428-1,12/31/2026
CEDAR CREEK OF SEYMOUR,Residential,2288 NICHOLAS CT,SEYMOUR,47274,KATIE LUCAS,8125238991,N/A,26-004376-1,12/31/2026
CEDAR CREEK OF WARSAW,Residential,425 CHINWORTH CT,WARSAW,46580,MARCIE FISHER,5742673873,N/A,26-011389-1,12/31/2026
CEDAR CREEK OF WASHINGTON,Residential,297 SOUTH 100 EAST,WASHINGTON,47501,YOKO SWANSON,8122545230,N/A,26-004904-1,12/31/2026
CEDARHURST OF CROWN POINT,Residential,10255 BROADWAY,CROWN POINT,46307,TIFFANY ANDERSON,2192139650,N/A,25-16805--1,3/31/2026
CEDARHURST OF DYER,Residential,1763 CALUMET AVENUE,DYER,46311,TIFFANY ANDERSON,2195006591,N/A,26-014415-1,12/31/2026
CEDARHURST OF EDISON LAKES,Residential,1025 PARK PLACE,MISHAWAKA,46545,STACY DEMEESTER,5742471552,N/A,26-013331-1,1/31/2027
CEDARHURST OF FORT WAYNE,Residential,9210 MAYSVILLE ROAD,FORT WAYNE,46815,KARI LYNN CERUTTI,2607480904,N/A,25-014576-1,8/31/2026
CEDARHURST OF NEWBURGH,Residential,10144 WARRICK TRAIL,NEWBURGH,47630,"TERRY ""TJ"" BATES",8125180076,N/A,25-016276-1,8/31/2026
CELEBRATION VILLA OF NEWBURGH,Residential,5311 ROSEBUD LANE,NEWBURGH,47630,MICHELLE WEBER,8124795585,N/A,25-016981-1,3/31/2026
CELEBRATION VILLA OF RICHMOND,Residential,3700 SOUTH A STREET,RICHMOND,47374,SUSAN BUCKINGHAM,7659393310,N/A,25-010888-1,9/30/2026
CHANDLER PLACE,Residential,2879 S LIMA RD,KENDALLVILLE,46755,ALYSSA PENDER,2603491030,N/A,25-004440-1,6/30/2026
CHAPTERS LIVING OF CARMEL,Residential,11610 TECHNOLOGY DR,CARMEL,46032,KIMBERLY VIERLING,3178181786,N/A,25-012309-1,6/30/2026
CHAPTERS LIVING OF FLOYDS KNOBS,Residential,3700 LAFAYETTE PKWY,FLOYDS KNOBS,47119,MELISSA PRENATT,8129234888,N/A,25-012161-1,11/30/2026
CHAPTERS LIVING OF GREENSBURG,Residential,1034 CROWN POINTE BLVD,GREENSBURG,47240,JAMIE SMITH,8126628888,N/A,25-011914-1,4/30/2026
CHAPTERS LIVING OF JEFFERSONVILLE,Residential,2700 WATERS EDGE PKWY,JEFFERSONVILLE,47130,STEVEN BRIAN,8122844336,N/A,26-004001-1,2/28/2027
CHAPTERS LIVING OF SOUTH BEND,Residential,955 HICKORY ROAD,SOUTH BEND,46615,JASMINE WYNNE,5743145369,N/A,25-016149-1,10/30/2026
CHARLES FORD MEMORIAL HOME INC,Residential,920 S MAIN ST,NEW HARMONY,47631,AMY KNOPF-KOCH,8126824685,N/A,25-001123-1,9/30/2026
CHARTER SENIOR LIVING OF GATEWAY PARK,Residential,6338 WEST QUIET ROAD,GREENFIELD,46140,HEATHER SOOTS,3177079931,N/A,26-015521-2,1/31/2027
CHARTER SENIOR LIVING OF HOBBS STATION,Residential,2749 PEARSON PARKWAY,PLAINFIELD,46168,JACQUELINE MULLINS,3178000480,N/A,25-016160-1,4/30/2026
CHATEAU OF BATESVILLE,Residential,44 CHATEAU BLVD,BATESVILLE,47006,MEGAN NOBBE,8129328888,N/A,25-006489-1,9/30/2026
"COMMONS AT HONEY CREEK, THE",Residential,1450 EAST CROSSING BOULEVARD,TERRE HAUTE,47802,ERIN BROWN,8122988209,N/A,25-015282-1,8/31/2026
COMMONS AT JACKSON CREEK,Residential,3802 SARE RD,BLOOMINGTON,47401,CHAD MASHBURN,8123300885,N/A,26-011076-1,12/31/2026
COMMONS AT JUDAY CREEK,Residential,17441 SR 23,SOUTH BEND,46635,ALLISON KINGERY,5742732233,N/A,25-010667-1,5/31/2026
"COMMONS ON MERIDIAN, THE",Residential,8549 N MERIDIAN STREET,INDIANAPOLIS,46260,AMY YANTISS,3175620489,N/A,26-013933-1,12/31/2026
"COMMUNITY DEVELOPMENT CORPORATION OF MISHAWAKA, IN",Residential,500 LINCOLNWAY EAST,MISHAWAKA,46544,THOMAS KLEMPAY,5748553937,N/A,25-012688-2,9/30/2026
COUNTRY CHARM,Residential,3177 MERIDIAN PARKE DR,GREENWOOD,46142,ANGELA SORTORE,3178825455,N/A,25-011478-1,9/30/2026
"COVENTRY MEADOWS, L.L.C.",Residential,7833 W JEFFERSON BLVD,FORT WAYNE,46804,RHONDA OWENS,2604324848,N/A,26-005846-1,1/31/2027
CROSSINGS AT BANTA POINTE SENIOR LIVING,Residential,6510 U.S. 31 SOUTH,INDIANAPOLIS,46227,TIMOTHY COOPER,3177834663,N/A,25-014018-2,10/31/2026
CROSSINGS AT COVINGTON COMMONS,Residential,2601 COVINGTON COMMONS DRIVE,FORT WAYNE,46804,HEATHER REICH,2604321932,N/A,25-014017-2,10/31/2026
CROSSINGS AT KOKOMO,Residential,2501 FRIENDSHIP BLVD,KOKOMO,46901,DOUGLAS HURLBUT,7654540001,N/A,26-014019-1,12/31/2026
CROSSINGS AT NOBLESVILLE SENIOR LIVING,Residential,7235 RIVERWALK WAY N,NOBLESVILLE,46062,DAVID PRUETT,3177700011,N/A,25-004417-2,10/31/2026
CROWNPOINTE OF ANDERSON,Residential,2727 CROWNPOINTE CIRCLE,ANDERSON,46012,ROBERT COOK,7656419995,N/A,25-012129-1,11/30/2026
CROWNPOINTE OF GREENFIELD,Residential,831 SWOPE STREET,GREENFIELD,46140,SIERRA LAUDERMILT,3174679317,N/A,26-012798-1,1/31/2027
CROWNPOINTE OF HARTFORD CITY,Residential,100 INDEPENDENCE PARKWAY,HARTFORD CITY,47348,ANGELA WORKMAN,7653483250,N/A,25-013578-1,5/31/2026
CROWNPOINTE OF INDIANAPOLIS,Residential,7365 E 16TH ST,INDIANAPOLIS,46219,ANDREA WILSON,3173512578,N/A,25-005729-1,6/30/2026
CROWNPOINTE OF LEBANON,Residential,610 CROWNPOINTE DRIVE,LEBANON,46052,LORI WEAVER,7654823436,N/A,25-013582-1,4/30/2026
CROWNPOINTE OF PORTLAND,Residential,745 PATRIOT DRIVE,PORTLAND,47371,AMANDA HIRSCHY,2607263577,N/A,25-014090-1,9/30/2026
DEMAREE CROSSING ASSISTED LIVING AND MEMORY CARE,Residential,1255 DEMAREE ROAD,GREENWOOD,46143,RHIANNON STUDY,3173168380,N/A,25-014079-1,8/31/2026
DIGBY PLACE,Residential,167 CR W 240 S,LAFAYETTE,47905,ANMBER SHAUGHNESSY,7654718552,N/A,25-004392-1,6/30/2026
ELKHART PLACE ASSISTED LIVING,Residential,2024 COUNTY ROAD 24,ELKHART,46517,TERRI MCLEMORE,5742959058,N/A,25-004353-1,10/31/2026
"ELMS AT MICHIGAN CITY, THE",Residential,4300 CLEVELAND RD,MICHIGAN CITY,46360,TIFFANY KUZIO,2198726800,N/A,25-012180-2,7/31/2026
EVERGREEN VILLAGE AT BLOOMINGTON,Residential,3607 SOUTH HEIRLOOM DRIVE,BLOOMINGTON,47401,NICHOLE MCNALLY,8123362718,N/A,25-014002-1,8/31/2026
EVERGREEN VILLAGE AT FORT WAYNE,Residential,12523 AUBURN ROAD,FORT WAYNE,46845,EMILY NELSON,2606372830,N/A,25-014512-1,10/31/2026
FIVE STAR RESIDENCES OF LAFAYETTE,Residential,250 SHENANDOAH DRIVE,LAFAYETTE,47905,TIFFANY TRIBBLE,7654494475,N/A,26-014015-1,12/31/2026
FORT HARRISON ALF OPERATIONS,Residential,8025 DOUBLEDAY DRIVE,INDIANAPOLIS,46216,DAMETRIA MARSHALL,3175462845,N/A,25-014109-1,10/31/2026
FORUM AT THE CROSSING,Residential,8505 WOODFIELD CROSSING BLVD,INDIANAPOLIS,46240,LARRY DIERSING,3174662020,N/A,26-015281-1,12/31/2026
FRANKLIN SENIOR LIVING LLC,Residential,1375 NICOLE DRIVE,FRANKLIN,46131,JENNIFER E DELP,4637242121,N/A,25-015132-1,3/31/2026
GENTRY PARK,Residential,901 S HASTINGS DR,BLOOMINGTON,47401,ELIZABETH HOLSTEIN,8126681200,N/A,25-013766-2,7/31/2026
GEORGETOWN PLACE,Residential,1717 MAPLECREST ROAD,FORT WAYNE,46815,RENEE KREINBRINK,2604936927,N/A,25-013463-1,11/30/2026
"GLASSWATER CREEK OF LAFAYETTE, LLC",Residential,208 BECK LANE,LAFAYETTE,47909,LORI LINDSEY-CLARKSTON,7654771140,N/A,26-014148-1,2/28/2027
GLASSWATER CREEK OF PLAINFIELD,Residential,10480 GLASSWATER LANE,INDIANAPOLIS,46231,KARI COLLI,3178395808,N/A,28-014410-1,5/31/2026
GLASSWATER CREEK OF WHITESTOWN,Residential,5829 NEW HOPE BOULEVARD,WHITESTOWN,46075,HEIDI MYERS,4632098670,N/A,25-015004-1,8/31/2026
GRAND BROOK MEMORY CARE OF FISHERS,Residential,9796 EAST 131ST STREET,FISHERS,46038,KELLY DREY,3179142357,N/A,25-014253-1,11/30/2026
GRAND BROOK MEMORY CARE OF GREENWOOD,Residential,2444 SOUTH STATE ROAD 135,GREENWOOD,46143,MILISSA DOWNS,3174991310,N/A,26-014426-1,2/28/2027
GRAND BROOK MEMORY CARE OF ZIONSVILLE,Residential,11870 SANDY DRIVE,ZIONSVILLE,46077,SHERRI DAWSON,3179750049,N/A,25-014376-1,3/31/2026
GRAND EMERALD PLACE,Residential,4010 S IRONWOOD DR,SOUTH BEND,46614,JANICE KURTH,5742912222,N/A,25-013555-1,6/30/2026
"GRAND MARQUIS, THE",Residential,300 E WASHINGTON BLVD,FORT WAYNE,46802,JINA ROBBINS,2604225511,N/A,25-012288-1,5/31/2026
GRAND VALLEY GARDENS ASSISTED LIVING FACILITY,Residential,1151 S HUBERT CIRCLE WEST,MARTINSVILLE,46151,MICHELLE HEACOCK,7655588200,N/A,25-014168-1,8/31/2026
GRAND VICTORIAN OF GREENWOOD,Residential,2339 S STATE ROAD 135,GREENWOOD,46143,THOMAS TURNER II,3175350422,N/A,25-005722-1,3/31/2026
GRAND VICTORIAN OF ZIONSVILLE,Residential,11755 N MICHIGAN RD,ZIONSVILLE,46077,LILY PRICE,3178736300,N/A,25-012263-1,3/31/2026
GREEN OAKS OF GOSHEN,Residential,282 JOHNSTON STREET,GOSHEN,46528,CARLOS ROMERO,5745015342,N/A,25-015205-1,3/31/2026
GREEN OAKS OF VALPARAISO,Residential,2550 MORTHLAND DRIVE,VALPARAISO,46383,JARRETT MITCHELL,2193092550,N/A,25-015426-1,7/31/2026
GREENBRIAR VILLAGE,Residential,8800 SPOON DR,INDIANAPOLIS,46219,DEANNA REID,3178996777,N/A,25-011799-1,7/31/2026
HARMONY AT AVON,Residential,2141 NORTH DAN JONES ROAD,AVON,46123,SHANE PATTERSON,3179435400,N/A,25-014959-1,8/31/2026
HARMONY AT ELKHART,Residential,1129 PARKWAY AVENUE,ELKHART,46516,TARA CARNEY,5749668800,N/A,25-014916-1,6/30/2026
"HARRISON AT EAGLE VALLEY, THE",Residential,3060 VALLEY FARMS ROAD,INDIANAPOLIS,46214,CARMEN BOWLING,3172911112,N/A,25-014045-1,5/31/2026
HELLENIC SENIOR LIVING OF ELKHART,Residential,2528 BYPASS ROAD,ELKHART,46514,LINSEY FITTERLING,5743891776,N/A,25-014241-1,8/31/2026
HELLENIC SENIOR LIVING OF INDIANAPOLIS,Residential,8601 SOUTH SHELBY STREET,INDIANAPOLIS,46227,JAN CAUDILL,3178854446,N/A,25-014062-1,4/30/2026
HELLENIC SENIOR LIVING OF MISHAWAKA,Residential,1540 SOUTH LOGAN STREET,MISHAWAKA,46544,SARAH ROBINSON,5742578629,N/A,25-014224-1,11/30/2026
HELLENIC SENIOR LIVING OF NEW ALBANY,Residential,2632 GRANT LINE ROAD,NEW ALBANY,47150,ELSIE SHOEMAKER,8129449048,N/A,25-014166-1,5/31/2026
HERITAGE ASSISTED LIVING OF UNION CITY,Residential,204 STAUDT DRIVE,UNION CITY,47390,NICOLE FENTON,7653032056,N/A,25-015887-1,7/31/2026
HERITAGE ASSISTED LIVING OF YORKTOWN,Residential,1400 S PATRIOT DRIVE,YORKTOWN,47396,DAPHNE NEW,7656855040,N/A,25-014281-1,9/30/2026
HERITAGE PARK COMMONS,Residential,2002 HERITAGE PARK DRIVE,FORT WAYNE,46805,GREGORY HERVEL,2604849557,N/A,25-014113-1,6/30/2026
HERITAGE WOODS OF NEWBURGH,Residential,4211 GRIMM ROAD,NEWBURGH,47630,JANIE SWEDENBURG,8128539810,N/A,25-014377-1,3/31/2026
HERITAGE WOODS OF NOBLESVILLE,Residential,9600 E 146TH STREET,NOBLESVILLE,46060,JILLIAN PICKETT,3177706061,N/A,25-014213-1,7/31/2026
HI JILL'S HOUSE LLC,Residential,751 E TAMARACK TRAIL,BLOOMINGTON,47408,TERESA GLIDDEN,8122877962,N/A,26-013824-1,1/31/2027
INDEPENDENCE VILLAGE OF AVON,Residential,182 S COUNTY ROAD 550 E,AVON,46123,ROMEO BEHL,3177452766,N/A,25-003902-1,3/31/2026
INDEPENDENCE VILLAGE OF CARMEL,Residential,13390 N ILLINOIS STREET,CARMEL,46032,MARSHALL BOWMAN,3178180526,N/A,25-013297-2,6/30/2026
INDEPENDENCE VILLAGE OF FISHERS EAST,Residential,12950 TALBLICK STREET,FISHERS,46037,ANDREA LAKE,3177733854,N/A,25-013945-1,3/31/2026
INDEPENDENCE VILLAGE OF FISHERS SOUTH,Residential,9745 OLYMPIA DR,FISHERS,46038,CHRISTINE BRIGHT,3175761925,N/A,25-002999-1,3/31/2026
INDEPENDENCE VILLAGE OF ZIONSVILLE WEST,Residential,6800 CENTRAL BOULEVARD,ZIONSVILLE,46077,JAMES GEPP JR,3179730220,N/A,25-014059-1,3/31/2026
INDIANA MASONIC HOME INC,Residential,690 STATE STREET,FRANKLIN,46131,CHARLES SPENCER,3177366141,N/A,25-013460-1,3/31/2026
JEWEL PLACE SENIOR LIVING,Residential,607 VIRGINIA AVE,MADISON,47250,CASSANDRA A TRUEBLOOD,8122730432,N/A,25-004352-1,10/31/2026
KEEPSAKE VILLAGE OF COLUMBUS,Residential,2564 FOX POINTE DR,COLUMBUS,47203,HEATHER ANGEL,8123720950,N/A,25-010680-1,10/31/2026
KEYSTONE WOODS,Residential,2335 N MADISON AVE,ANDERSON,46011,KRISTIN JOHNSON,7656428020,N/A,25-010409-1,7/31/2026
KINGSTON OF DUPONT,Residential,1716 E DUPONT RD,FORT WAYNE,46825,DORIAN SHOEMAKER,2604905111,N/A,25-003000-2,11/30/2026
KINGSTON SENIOR LIVING OF FORT WAYNE,Residential,7515 WINCHESTER RD,FORT WAYNE,46819,AMANDA CRAIG,2607471523,N/A,25-001135-2,11/30/2026
KOKOMO PLACE ASSISTED LIVING,Residential,3025 W SYCAMORE ST,KOKOMO,46901,ANDREA STONESTREET,7654561490,N/A,25-011075-1,10/31/2026
LAKE MEADOWS SENIOR ASSISTED LIVING,Residential,11570 E 126TH STREET,FISHERS,46037,GOODWELL CHAVUNDUKA,3175274475,N/A,25-014910-1,4/30/2026
LAKE PARK RESIDENTIAL CARE,Residential,2075 RIPLEY ST,LAKE STATION,46405,JOELYNN MILLER-JOHNSON,2199629437,N/A,25-001136-1,9/30/2026
"LEGACY LIVING LEASING JASPER, LLC",Residential,1850 WEST STATE ROAD 56,JASPER,47546,THERESA WOLF,8125590200,N/A,25-014383-1,9/30/2026
LINCOLNSHIRE PLACE - FORT WAYNE,Residential,11911 DIEBOLD ROAD,FORT WAYNE,46845,TYLER WEILBAKER,2604711620,N/A,26-013687-1,2/28/2027
LINCOLNSHIRE PLACE - MUNCIE,Residential,1600 N MORRISON ROAD,MUNCIE,47304,CATHERINE HANSARD,7655872714,N/A,25-014463-1,3/31/2026
LUTHERAN LIFE VILLAGES,Residential,8075 GLENCARIN BOULEVARD,FORT WAYNE,46804,DEREK JONES,2604201866,N/A,26-013612-1,1/31/2027
LUTHERAN LIFE VILLAGES,Residential,11430 COLDWATER ROAD,FORT WAYNE,46845,AMY SAALFRANK,2604471591,N/A,25-014419-1,11/30/2026
"MANSION ON MAIN, THE",Residential,1420 EAST MAIN STREET,NEW ALBANY,47150,PETER HASTINGS,8129141161,N/A,26-013994-1,12/31/2026
MEADOW BROOK SENIOR LIVING,Residential,11011 VILLAGE SQUARE LANE,FISHERS,46038,TARA CURTIS-SCHWAB,3178424215,N/A,25-013163-1,9/30/2026
MELROSE ASSISTED LIVING LLC,Residential,7101 HIGHWAY 41 NORTH,EVANSVILLE,47725,LESLIE HEAD,8125564440,N/A,26-014866-1,12/31/2026
MILLER BEACH TERRACE,Residential,4905 MELTON RD,GARY,46403,JANUARY SZWEDA,2199380124,N/A,25-001140-1,6/30/2026
MORNING POINTE OF FRANKLIN,Residential,75 S MILFORD DR,FRANKLIN,46131,TRISTAN PRUITT,3177364665,N/A,25-002858-1,7/31/2026
MORNING VIEW NURSING AND REHABILITATION CENTER,Residential,475 NORTH NILES AVENUE,SOUTH BEND,46617,MITCHELL CRAVEN,5742464123,N/A,25-013149-1,8/31/2026
MUNCIE ESTATES SENIOR LIVING,Residential,1601 N MORRISON RD,MUNCIE,47304,DAWN BEEMAN,7652894260,N/A,26-010886-1,12/31/2026
NORTH WOODS VILLAGE AT EDISON LAKES,Residential,1409 E DAY ROAD,MISHAWAKA,46545,DEEJRA LEE,5742471866,N/A,25-013236-1,6/30/2026
"OASIS ASSISTED LIVING, INC",Residential,4301 WASHINGTON AVE,EVANSVILLE,47714,PAMELA CROUSE,8123033310,N/A,25-013613-1,10/31/2026
OASIS AT 30TH,Residential,5651 E 30TH STREET,INDIANAPOLIS,46218,HILANIE HAUK,3172979000,N/A,25-013347-1,11/30/2026
OASIS AT 56TH,Residential,4940 WEST 56TH STREET,INDIANAPOLIS,46254,TAUHIDAH DULLEN,3172973115,N/A,25-014279-1,11/30/2026
"PARK PLACE II, LLC",Residential,4411 PARK PLACE DR,FORT WAYNE,46845,KRISTIN TOWNSLEY,2604802500,N/A,25-012582-1,3/31/2026
PINE KNOLL ASSISTED LIVING CENTER,Residential,607 WILSON CREEK RD,LAWRENCEBURG,47025,LORI POE,8125374422,N/A,25-001142-1,3/31/2026
PRIMROSE MEMORY CARE OF ANDERSON,Residential,2101 N MADISON AVENUE,ANDERSON,46011,MARLEE OLEKSY,7656410050,N/A,25-013811-1,11/30/2026
PRIMROSE OF MISHAWAKA,Residential,820 FULMER ROAD,MISHAWAKA,46544,LAURINE RINGER,5742593211,N/A,26-013439-1,12/31/2026
PRIMROSE OF NEWBURGH,Residential,9800 LINCOLN AVE,NEWBURGH,47630,CARLA GRIMWOOD,8125730088,N/A,25-013846-1,6/30/2026
PRIMROSE RETIREMENT COMMUNITY OF ANDERSON,Residential,1118 W CROSS ST,ANDERSON,46011,KEIRA GILMORE,7656435000,N/A,25-011806-1,5/31/2026
PRIMROSE RETIREMENT COMMUNITY OF KOKOMO,Residential,329 W RAINBOW DR,KOKOMO,46901,PAMELA FREEMAN,7654551700,N/A,25-011555-1,4/30/2026
PROVIDENCE HOME BY FIR,Residential,1410 DEER RUN DRIVE,MISHAWAKA,46545,LEAH BENNETT,5743234890,N/A,25-015429-1,3/31/2026
RESIDENCES AT COFFEE CREEK,Residential,2300 VILLAGE POINT,CHESTERTON,46304,KAITLYNN REDMON,2199215200,N/A,25-014469-1,6/30/2026
RESIDENCES AT DEER CREEK,Residential,401 EAST US 30,SCHERERVILLE,46375,KAREN AYERSMAN,2198640700,N/A,25-013069-1,9/30/2026
RITTENHOUSE VILLAGE AT NORTHSIDE,Residential,1251 W 96TH ST,INDIANAPOLIS,46260,PAMALA WILLIAMS,3175759200,N/A,25-003282-1,9/30/2026
RIVER CROSSING ASSISTED LIVING COMMUNITY,Residential,2400 MARKET ST,CHARLESTOWN,47111,CAROLE MAYMON,8124061099,N/A,26-012007-1,1/31/2027
RIVERBEND,Residential,2715 CHARLESTOWN PIKE,JEFFERSONVILLE,47130,RICKI ELSTON,8122800965,N/A,26-010885-1,2/28/2027
RIVERCREST SENIOR LIVING,Residential,4917 GRANT LINE ROAD,NEW ALBANY,47150,LORI HESS,9302560240,N/A,25-015516-1,8/31/2026
RIVERWALK COMMUNITIES,Residential,401 S.E. 6TH STREET,EVANSVILLE,47713,KATIE GOLDSBERRY,8124251041,N/A,26-011274-1,1/31/2027
ROSE SENIOR LIVING CARMEL,Residential,1285 FAIRFAX MANOR DRIVE,CARMEL,46032,ANGELA MARTINEZ,3172498830,N/A,26-013719-1,2/28/2027
ROSEGATE COMMONS,Residential,7525 ROSEGATE DRIVE,INDIANAPOLIS,46237,ANN KIRSTEIN,3178890100,N/A,25-012936-1,3/31/2026
ROSEWALK AT LUTHERWOODS,Residential,1301 N RITTER AVE,INDIANAPOLIS,46219,JULIE MADISON,3173562760,N/A,25-011587-1,9/30/2026
SANDERS GLEN,Residential,334 S CHERRY ST,WESTFIELD,46074,SUZANNE HAMAKER,3178670212,N/A,26-005657-1,12/31/2026
SEACOAST AT SUMMERS POINTE LLC,Residential,1 SUNSET DRIVE,WINCHESTER,47394,STACI KEEN,7655847676,N/A,25-013838-1,4/30/2026
"SENIOR SUITES AT THE LELAND, LLC",Residential,900 SOUTH A STREET,RICHMOND,47374,AMANDA MARQUIS,7659396500,N/A,26-012497-1,1/31/2027
SILVER BIRCH AT COOK ROAD,Residential,3731 WEST COOK ROAD,FORT WAYNE,46818,LISA HARRISON,2604902112,N/A,25-014553-1,8/31/2026
SILVER BIRCH OF EVANSVILLE,Residential,475 S GOVERNOR STREET,EVANSVILLE,47713,DIADREE JOLLY,8127774490,N/A,26-014238-1,2/28/2027
SILVER BIRCH OF FORT WAYNE,Residential,7125 S HANNA STREET,FORT WAYNE,46816,NATASHA WELCH,2604478811,N/A,25-014316-1,6/30/2026
SILVER BIRCH OF HAMMOND,Residential,5620 SOHL AVENUE,HAMMOND,46320,NEYSA HOLMAN STEWART,2199379085,N/A,25-013801-1,7/31/2026
SILVER BIRCH OF KOKOMO,Residential,408 S WASHINGTON STREET,KOKOMO,46901,ANTONIO STEWART,7658687266,N/A,25-014137-1,8/31/2026
SILVER BIRCH OF MICHIGAN CITY,Residential,4400 EAST MICHIGAN BLVD,MICHIGAN CITY,46360,SANDRA STEWARD,2198796115,N/A,25-014052-1,6/30/2026
SILVER BIRCH OF MISHAWAKA,Residential,3630 HICKORY ROAD,MISHAWAKA,46545,ALICIA SIEPLINGA,5742527225,N/A,25-014260-1,6/30/2026
SILVER BIRCH OF MUNCIE,Residential,2500 W KILGORE AVENUE,MUNCIE,47304,JOSEPH COLLINS,7652540329,N/A,25-014034-1,4/30/2026
SILVER BIRCH OF TERRE HAUTE,Residential,650 LAFAYETTE AVENUE,TERRE HAUTE,47807,JILL STOTT,8122370123,N/A,25-014291-1,5/31/2026
ST PAUL'S,Residential,3602 SOUTH IRONWOOD DRIVE,SOUTH BEND,46614,JEFFRY BILLHIMER,5742849000,N/A,26-014602-1,2/28/2027
STORYPOINT FORT WAYNE WEST,Residential,611 W COUNTY LINE RD SOUTH,FORT WAYNE,46814,LAURA LOVELL,2606254025,N/A,25-011804-1,3/31/2026
STORYPOINT GRANGER,Residential,6330 N FIR RD,GRANGER,46530,CRAIG CLEMONS,5742435557,N/A,25-012229-1,3/31/2026
STORYPOINT SCHERERVILLE,Residential,7770 BURR STREET,SCHERERVILLE,46375,STEPHANIE PETERSON,2193228855,N/A,25-013825-1,9/30/2026
SUGAR FORK CROSSING,Residential,1745 EAST 67TH STREET,ANDERSON,46013,LORENA GLOVER,7652339360,N/A,25-014080-1,4/30/2026
SUGAR GROVE SENIOR LIVING COMMUNITY,Residential,5865 SUGAR LN,PLAINFIELD,46168,AMY GHARBI,3178397900,N/A,26-012394-1,1/31/2027
SUMMIT PLACE WEST,Residential,55 N MISSION DR,INDIANAPOLIS,46214,YVETTE HAMPTON,3172442600,N/A,25-011840-1,4/30/2026
SUNRISE ON OLD MERIDIAN,Residential,12130 OLD MERIDIAN ST,CARMEL,46032,TERONA LONG,3175690100,N/A,25-012141-1,9/30/2026
SWEET GALILEE AT THE WIGWAM,Residential,1315 JOHN STREET,ANDERSON,46016,SUZANNE DILLE,7654423752,N/A,25-014706-1,6/30/2026
TANGLEWOOD TRACE,Residential,530 W TANGLEWOOD LN,MISHAWAKA,46545,BARBARA GAWEL,5742774310,N/A,25-009669-1,6/30/2026
"TERRACE AT FORT WAYNE, THE",Residential,4730 E STATE BLVD,FORT WAYNE,46815,JODI LEIGH CROWL,2604840308,N/A,25-003273-1,3/31/2026
TIMBER CREEK VILLAGE,Residential,990 PROGRESS PARKWAY,SHELBYVILLE,46176,CRYSTAL WERNER,3176802500,N/A,25-014548-1,5/31/2026
TIPTON PLACE,Residential,460 FORKS OF THE WABASH WAY,HUNTINGTON,46750,MELISSA QUINN,2603562028,N/A,25-003376-1,6/30/2026
TOWNE CENTRE ASSISTED LIVING LLC,Residential,7252 ARTHUR BLVD,MERRILLVILLE,46410,RIKKI FORD,2197362900,N/A,26-002392-1,2/28/2027
TOWNE PARK ASSISTED LIVING,Residential,503 S MURPHY AVE,BRAZIL,47834,HANNAH WILSON,8124204100,N/A,25-014623-1,4/30/2026
TRADITIONS AT BROOKSIDE,Residential,6311 WEST CR 900 NORTH,MCCORDSVILLE,46055,PATRICIA JUNE,3173359900,N/A,25-013847-2,7/31/2026
TRADITIONS AT HUNTER STATION,Residential,400 HUNTER STATION ROAD,SELLERSBURG,47172,KATHY JONES,8127485258,N/A,25-013841-2,7/31/2026
TRADITIONS AT NORTH WILLOW,Residential,1703 W 86TH STREET,INDIANAPOLIS,46260,NATHAN MILLIGAN,3178762916,N/A,25-013880-1,7/31/2026
TRADITIONS AT REAGAN PARK,Residential,1176 KINGWOOD DRIVE,AVON,46123,INTANIQUE PAYSINGER,3172710100,N/A,25-013264-1,3/31/2026
TRADITIONS AT SOLANA,Residential,7721 BATTERY POINTE WAY,INDIANAPOLIS,46240,TY WARNER,3178600000,N/A,25-013164-1,3/31/2026
TRADITIONS OF COLUMBUS,Residential,4300 WEST GOELLER BLVD,COLUMBUS,47201,STACEY GALLARDO,8125520500,N/A,25-015179-1,6/30/2026
TRAIL CREEK PLACE,Residential,1400 E COOLSPRING AVE,MICHIGAN CITY,46360,CHRISTY MILLER,2198745500,N/A,25-010610-1,3/31/2026
TRUSTWELL LIVING AT SETTLERS PLACE,Residential,3304 MONROE ST,LA PORTE,46350,KIMBERLY S URBAN,2193267283,N/A,25-004458-1,8/31/2026
VALPARAISO SENIOR VILLAGE,Residential,74 E JOURNEY WAY,VALPARAISO,46383,JACLYN WOLSKI,2197286800,N/A,25-015221-2,9/30/2026
"VILLAS OF HOLLY BROOK INDIANA, LLC",Residential,1941 W US HIGHWAY 40,BRAZIL,47834,GADDIS BAYSINGER,8124202243,N/A,25-013946-1,5/31/2026
VITA OF GREENFIELD,Residential,1683 COMMUNITY WAY,GREENFIELD,46140,ALLISON CATRON,4632908001,N/A,25-016063-1,10/31/2026
VITA OF MARION,Residential,4211 S ADAMS STREET,MARION,46953,KEISHA DUBE,7653032056,N/A,25-015081-1,6/30/2026
VITA OF NEW WHITELAND,Residential,532 COUNTRY GATE DRIVE,NEW WHITELAND,46184,NICOLE HOLDER,3174637155,N/A,25-016046-1,7/31/2026
VIVERA SENIOR LIVING OF COLUMBUS,Residential,1971 STATE STREET,COLUMBUS,47201,KRISTEN CHALOU,8123760698,N/A,25-014519-1,4/30/2026
VIVERA SENIOR LIVING OF JEFFERSONVILLE,Residential,2105 HAMBURG PIKE,JEFFERSONVILLE,47130,JENNY BROWN,8125778542,N/A,25-015121-1,11/30/2026
WALKER PLACE,Residential,2216 N RILEY HWY,SHELBYVILLE,46176,CHRISTINA CERTA,3173923370,N/A,25-004444-1,6/30/2026
WALNUT CREEK MEMORY CARE,Residential,525 BENTEE WES COURT,EVANSVILLE,47715,JAMIE MYERS,8124713100,N/A,26-013642-1,2/28/2027
WELLINGTON AT SOUTHPORT THE,Residential,7212 US HWY 31 S,INDIANAPOLIS,46227,KEISHA DUBE,3178899822,N/A,25-003283-1,9/30/2026
WEST LAFAYETTE ALF OPERATIONS,Residential,3575 SENIOR PLACE,WEST LAFAYETTE,47906,KRISTIE COTTRELL,7654641805,N/A,25-014094-1,10/31/2026
WHITLOCK PLACE,Residential,1719 S ELM ST,CRAWFORDSVILLE,47933,LORA REEVES,7653641880,N/A,25-004419-1,6/30/2026
WINDWARD POINTE SENIOR LIVING,Residential,6235 STERLING CREEK RD,PORTAGE,46368,KRISTIN PAWLAK,2197642900,N/A,25-012396-2,7/31/2026
WOODLAND TERRACE OF CARMEL,Residential,689 PRO MED LANE,CARMEL,46032,NICHOLAS HALSTEAD,3176160858,N/A,25-013510-1,10/31/2026
WOODLAND TERRACE OF DANVILLE,Residential,200 S ARBOR LANE,DANVILLE,46122,BREANN HIGGINS,3175640222,N/A,25-014518-1,6/30/2026
WOODLAND TERRACE OF NEW PALESTINE LLC,Residential,4400 TERRACE DRIVE,NEW PALESTINE,46163,CRYSTAL HAYDEN,3173538311,N/A,25-013896-1,10/31/2026
WOODRIDGE VILLAGE,Residential,17650 GENERATIONS DR,SOUTH BEND,46635,RICHARD KENNEDY,5742711151,N/A,25-001148-1,9/30/2026
WORTHINGTON PLACE,Residential,10799 ALLIANCE DR,CAMBY,46113,SHERYL MORNING,3178566224,N/A,25-003984-1,6/30/2026
WYNDMOOR ASSISTED LIVING LLC,Residential,1465 EAST CROSSING BLVD,TERRE HAUTE,47802,VALAURIE NESBIT,8122989963,N/A,25-013389-1,10/31/2026
"WYNDMOOR OF CASTLETON, LLC",Residential,8480 CRAIG ST,INDIANAPOLIS,46250,CARYL HOUGHTON,3178426564,N/A,25-009894-1,4/30/2026
WYNDMOOR OF EVANSVILLE LLC,Residential,6521 GREENDALE DR,EVANSVILLE,47711,JESSIE MOORE,8128677900,N/A,25-010681-1,4/30/2026
"WYNDMOOR OF MARION, LLC",Residential,2452 W KEM RD,MARION,46952,CASSANDRA DIXON,7653844500,N/A,25-010682-1,4/30/2026
"WYNDMOOR OF PORTAGE, LLC",Residential,3444 SWANSON RD,PORTAGE,46368,SANDRA WILLIAMS,2197634867,N/A,25-010889-1,4/30/2026
